INSERT INTO LOCATIONTYPE VALUES
	('R', 'Restaurant'),
	('H', 'Head Quarter');

INSERT INTO ADDRESS_TYPE VALUES
	('S', 'Street');

INSERT INTO ZIPCODE VALUES
	(28034, "Madrid", "Madrid", "Salamanca", "Spain"),
    (28100, "Madrid", "Madrid", "Gran Vía", "Spain"),
    (28001, "Madrid", "Madrid", "Chamartín", "Spain"),
    (28022, "Madrid", "Madrid", "Chueca", "Spain"),
    (28040, "Madrid", "Madrid", "Gran Vía", "Spain"),
    (28027, "Madrid", "Madrid", "Usera", "Spain"),
    (28029, "Madrid", "Madrid", "Carabanchel", "Spain"),
    (28012, "Madrid", "Madrid", "Fuencarral-El Pardo", "Spain"),
    (28045, "Madrid", "Madrid", "Moratalaz", "Spain"),
    (28002, "Madrid", "Madrid", "Salamanca", "Spain"),
    (28003, "Madrid", "Madrid", "Chamartín", "Spain"),
    (28004, "Madrid", "Madrid", "Tetuán", "Spain"),
    (28005, "Madrid", "Madrid", "Chamberí", "Spain"),
    (28006, "Madrid", "Madrid", "Chamartín", "Spain"),
    (28007, "Madrid", "Madrid", "Moncloa-Aravaca", "Spain"),
    (28008, "Madrid", "Madrid", "Chamartín", "Spain"),
    (28009, "Madrid", "Madrid", "Arganzuela", "Spain"),
    (28010, "Madrid", "Madrid", "Chamberí", "Spain"),
    (28011, "Madrid", "Madrid", "Chamberí", "Spain"),
	(08011, "Barcelona", "Catalonia", "Sant Martí", "Spain"),
    (08013, "Barcelona", "Catalonia", "Eixample", "Spain"),
    (08015, "Barcelona", "Catalonia", "Sant Andreu", "Spain"),
    (08024, "Barcelona", "Catalonia", "Sants-Montjuïc", "Spain"),
    (08025, "Barcelona", "Catalonia", "Sants-Montjuïc", "Spain"),
    (08027, "Barcelona", "Catalonia", "Sants-Montjuïc", "Spain"),
    (08028, "Barcelona", "Catalonia", "Sants-Montjuïc", "Spain"),
    (08029, "Barcelona", "Catalonia", "Sants-Montjuïc", "Spain"),
    (08030, "Barcelona", "Catalonia", "Sant Andreu", "Spain"),
    (08031, "Barcelona", "Catalonia", "Sant Andreu", "Spain"),
    (08032, "Barcelona", "Catalonia", "Sant Andreu", "Spain"),
    (08033, "Barcelona", "Catalonia", "Sant Andreu", "Spain"),
    (08034, "Barcelona", "Catalonia", "Sant Martí", "Spain"),
    (08035, "Barcelona", "Catalonia", "Sant Martí", "Spain"),
    (08036, "Barcelona", "Catalonia", "Sant Martí", "Spain"),
    (08037, "Barcelona", "Catalonia", "Sant Martí", "Spain"),
    (08038, "Barcelona", "Catalonia", "Sant Martí", "Spain"),
    (08039, "Barcelona", "Catalonia", "Sant Martí", "Spain"),
    (08041, "Barcelona", "Catalonia", "Sant Martí", "Spain");

INSERT INTO ADDRESS VALUES
    (001, "S", "Alcalá", 18, 28011, "Spain"),
    (002, "S", "Fuencarral", 103, 28004, "Spain"),
    (003, "S", "Villarroel", 189, 08031, "Spain"),
    (004, "S", "Blasco Ibañez", 63, 08036, "Spain"),
    (005, "S", "Cartagena", 15, 08036, "Spain"),
    (006, "S", "Eloy Gonzalo", 10, 08011, "Spain"),
    (007, "S", "Alonso Cano", 63, 08029, "Spain"),
    (008, "S", "Guzmán el Bueno", 73, 08028, "Spain"),
    (009, "S", "Fernando Alonso", 8, 28100, "Spain"),
    (010, "S", "Aviador Zorita", 40, 08033, "Spain"),
    (011, "S", "Odonnell", 32, 28009, "Spain"),
    (012, "S", "Núñez de Balboa", 107, 28002, "Spain"),
    (013, "S", "La Legalitat", 21, 28001, "Spain"),
    (014, "S", "Pare Laínez", 33, 08033, "Spain"),
    (015, "S", "Hipòlit Lázaro", 5, 28001, "Spain"),
    (016, "S", "Consell de Cent", 445, 08033, "Spain"),
    (017, "S", "Arolas", 9, 08036, "Spain"),
    (018, "S", "Marsela", 4, 08028, "Spain"),
    (019, "S", "Josep de Saragossa", 31, 08032, "Spain"),
    (020, "S", "Graz Liebenau", 5, 28002, "Spain"),
    (021, "S", "Pare Pedro Velasco", 16, 28008, "Spain"),
    (022, "S", "Pare Mendez", 53, 08038, "Spain"),
    (023, "S", "Áncora", 20, 28004, "Spain"),
    (024, "S", "Agustín de Betancourt", 23, 28003, "Spain"),
    (025, "S", "Guadiana", 14, 08024, "Spain"),
    (026, "S", "Guadiana", 18, 08030, "Spain"),
    (027, "S", "Alcalde Sainz de Baranda", 2, 08030, "Spain"),
    (028, "S", "Soria", 1, 08030, "Spain"),
    (029, "S", "Rubí", 466, 28010, "Spain"),
    (030, "S", "Carmen", 27, 08024, "Spain"),
	(031, "S", "Sant Pere Màrtir", 2, 28007, "Spain"),
    (032, "S", "Bonavista", 28, 28001, "Spain"),
    (033, "S", "Llançà", 103, 08036, "Spain"),
    (034, "S", "Leonardo da Vinci", 14, 28005, "Spain"),
    (035, "S", "Feixa Llarga", 111, 28009, "Spain"),
    (036, "S", "Huerto del Rey", 18, 28008, "Spain"),
    (037, "S", "Molinillo del Aceite", 14, 28004, "Spain"),
    (038, "S", "Cruz del Humilladero", 1, 08033, "Spain"),
    (039, "S", "Cartucherita", 6, 28008, "Spain"),
    (040, "S", "San Vicente", 6, 08032, "Spain"),
    (041, "S", "lAjuntament", 25, 08031, "Spain"),
    (042, "S", "Aluders", 12, 08024, "Spain"),
    (043, "S", "Condes de Aragón", 8, 08027, "Spain"),
    (044, "S", "Mercedarias", 3, 28004, "Spain");
 
INSERT INTO LOCATION VALUES
	('3789239372931', 'H', '001'),
	('3789239372932', 'R', '002'),
	('3789239372933', 'R', '003');
    
INSERT INTO RESTAURANT VALUES
	('MAD001', '3789239372932'),
	('BCN002', '3789239372933');
    
INSERT INTO PHONES VALUES
	('3789239372931', '1', '+34 982340273', 'Customer Service'),
	('3789239372931', '2', '+34 998236122', 'Administration'),
	('3789239372931', '3', '+34 927365293', 'Human Resources'),
	('3789239372932', '1', '+34 912903153', 'Restaurant'),
	('3789239372933', '1', '+34 993887203', 'Restaurant');

    
INSERT INTO EMPLOYEE VALUES
	('00000000001', 'Ronald', 'Mcdonald', '786975931', 'M', '1500', '1980-03-04', '2021-08-26', NULL , 'ronaldmcdonald@gmail.com', '005', 'Manager', 'MAD001'),
	('00000000002', 'Rordon', 'Gamsay', '102038203', 'M', '1000', '1966-11-08', '2021-08-26', NULL , 'rordongamsay@hotmail.com', '006', 'Chef', 'MAD001'),
	('00000000003', 'Mattia', 'Binotto', '925910232', 'M', '400', '1969-11-03', '2021-08-26', NULL , 'mattiabinotto@yahoo.com', '007', 'Janitor', 'MAD001'),
	('00000000004', 'Nikita', 'Mazepin', '432805912', 'M', '500', '1999-03-02', '2021-08-26', NULL , 'mazepin.nik99@gmail.com', '008', 'DeliveryDriver', 'MAD001'),
	('00000000005', 'Fernando', 'Alonso', '637488644', 'M', '850', '1982-05-03', '2021-08-26', NULL , 'elnano@alumni.ie.edu', '009', 'Cashier', 'MAD001'),
	('00000000006', 'Anna', 'Doe', '654321001', 'F', '650', '1996-12-17', '2021-08-26', NULL , 'annadoe@hotmail.com', '010', 'Dishwasher', 'MAD001'),
	('00000000007', 'Carlos', 'Alejandro', '789456011', 'M', '500000', '1985-07-27', '2022-02-14', NULL , 'calejandro@alumni.ie.edu', '011', 'Manager', 'BCN002'),
	('00000000008', 'Jose', 'Brown', '812678021', 'M', '900', '1982-12-19', '2022-02-14', NULL , ' jose.brown@outlook.com', '012', 'Chef', 'BCN002'),
	('00000000009', 'Nathallie', 'Jones', '934899033', 'F', '400', '1990-07-16', '2022-02-14', NULL , 'natjones@gmail.com', '013', 'Janitor', 'BCN002'),
	('00000000010', 'Patricia', 'Garcia', '675211041', 'M', '500', '1988-11-28', '2022-02-14', NULL , 'patriciagarcia@yahoo.com', '014', 'DeliveryDriver', 'BCN002'),
	('00000000011', 'Oona', 'Baker', '786432059', 'F', '850', '1975-01-01', '2022-02-14', NULL , 'oonabaker221b@gmail.com', '015', 'Cashier', 'BCN002'),
	('00000000012', 'Pedro', 'Thomas', '819654067', 'M', '650', '1989-02-26', '2022-02-14', NULL , 'pedrothomas89@gmail.com', '016', 'Dishwasher', 'BCN002'),
	('00000000013', 'David', 'Villa', '927876072', 'M', '1250', '1981-12-03', '2022-10-01', NULL , 'davidvilla7@gmail.com', '017', 'Manager', 'MAD001'),
	('00000000014', 'Chinju', 'Doe', '648329088', 'F', '850', '1994-06-01', '2022-10-01', NULL , 'chinjuonnit@yahoo.com', '018', 'Chef', 'BCN002'),
	('00000000015', 'Kiti', 'Smith', '759451096', 'F', '450', '1997-03-02', '2022-10-01', NULL , 'kitkatsmith@gmail.com', '019', 'Janitor', 'BCN002'),
	('00000000016', 'Jon', 'Chaplin', '861673002', 'M', '500', '1992-08-01', '2022-10-01', NULL , 'chaplinj@gmail.com', '020', 'DeliveryDriver', 'MAD001'),
	('00000000017', 'Astrid', 'Poza', '649321062', 'M', '750', '1975-11-16', '2022-10-01', NULL , 'astridpoza@gmail.com', '021', 'Cashier', 'BCN002'),
	('00000000018', 'Lucas', 'Keen', '757453375', 'M', '550', '1996-11-04', '2022-10-01', NULL , 'saculneek96@gmail.com', '022', 'Dishwasher', 'MAD001');

INSERT INTO ORDERTYPE VALUES
	('0', 'Walk-in'),
	('1', 'Take away'),
	('2', 'Delivery');
    
INSERT INTO COUPON VALUES
	('29182736121', 'ADE012', 'Buy one, get one BigMac', '2022-11-20', '2022-11-30'),
	('12837619233', 'CCE679', 'Morning Bundle for €6', '2022-10-18', '2022-12-18'),
	('29182736122', 'BCE947', '€0,5 Cheesburger', '2022-11-22', '2022-11-25'),
	('29182736123', 'BCC345', 'Pick you 4 for €4', '2022-01-01', '2023-12-31'),
	('29182736124', 'ADE015', 'Buy one, get one Cuarto de Libra', '2022-11-19', '2022-11-30'),
	('29182736125', 'FEC098', 'Free 9pc McNuggets, with €1 minimum purchase', '2022-03-15', '2022-03-20'),
	('29182736126', 'CCE876', 'Burger Bundle for €12,50', '2022-07-01', '2022-12-31'),
	('29182736127', 'CEB129', '€1 French Fries', '2022-11-22', '2022-11-25'),
	('29182736128', 'CEB238', '€0.99 for Any Size Coffeer', '2022-11-15', '2022-11-25'),
	('29182736129', 'FEC112', 'Free Fries Friday', '2022-11-22', '2022-11-25'),
	('29182736131', 'ADE023', 'Buy two, get one Sundae', '2022-11-01', '2022-12-01'),
	('12029839880', 'HPE923', 'Happy Monday Morning, Free Hot Coffee', '2022-11-20', '2022-11-30');
    
INSERT INTO CUSTOMER VALUES
	('91827332812', 'Javier', 'Cruz', '632424983', 'javi0309@gmail.com', '023'),
	('29382736489', 'Penelope', 'Pataky', '685941224', 'kykykypen@hotmail.com', '024'),
	('23928737644', 'Luis', 'Lopez', '693560737', 'luislopez11@gmail.com', '025'),
	('32484750937', 'Paz', 'Jaenada', '607982621', 'paz2621@icloud.com', '026'),
	('39887729887', 'Alex', 'Maura', '623361932', 'amaura1898@gmail.com', '027'),
	('98763629098', 'Miguel', 'Segura', '771562326', 'miguel1123@gmail.com', '028'),
	('23182371876', 'Javier', 'Verdu', '785383685', 'ferna817@icloud.com', '029'),
	('90887266387', 'Fernando', 'Paredes', '690948099', 'p1a2u3a4@gmail.com', '030'),
	('23131878328', 'Pau', 'Anaya', '719535789', 'hotemilio@hotmail.com', '031'),
	('91827332814', 'Emilio', 'Cornet', '679041997', 'emiliocornet76@gmail.com', '032'),
	('129382712', 'Mark', 'Abril', '744843530', 'abril444@hotmail.com', '033'),
	('76652182231', 'Sara', 'Manver', '790124357', 'thiismymail1234@yahoo.com', '034'),
	('39887729888', 'Vincent', 'Rey', '615570226', 'seevincent@icloud.com', '035'),
	('91827332813', 'Amaia', 'Keen', '762785609', 'feelinit@gmail.com', '036'),
	('129382720', 'David', 'Banderas', '627177664', 'dav1d99@icloud.com', '037'),
	('7912054264', 'Sancho', 'Suarez', '727960270', 'madrilenosan@gmail.com', '038'),
	('39887729890', 'Paco', 'Molla', '723698237', 'cutepaco@icloud.com', '039'),
	('34284817233', 'Vincent', 'Noriega', '791033053', 'mollapaco23@gmail.com', '040'),
	('34284817280', 'Amaia', 'Collado', '720632357', 'colladosecond@hotmail.com', '041'),
	('1292342720', 'David', 'Alterio', '683889590', 'daviddavid@gmail.com', '042'),
	('56778482723', 'Sancho', 'Poza', '699327954', 'sanpofeliz@icloud.com', '043'),
	('39235675890', 'Paco', 'Coronado', '670319746', 'pacopaco88@gmail.com', '044');
    
INSERT INTO CUSTOMERCOUPON VALUES
	('29182736121', '91827332812'),
	('12837619233', '29382736489'),
	('29182736122', '23928737644'),
	('29182736123', '32484750937'),
	('29182736124', '39887729887'),
	('29182736125', '98763629098'),
	('29182736126', '23182371876'),
	('29182736127', '90887266387'),
	('29182736128', '23131878328'),
	('29182736129', '91827332812'),
	('29182736131', '129382712'),
	('12029839880', '76652182231'),
	('29182736124', '39887729888'),
	('29182736125', '91827332813');
    
INSERT INTO ENTRYMETHOD VALUES
	('0', 'Card Swipping'),
	('1', 'Card Dipping'),
	('2', 'Contactless');
    
INSERT INTO CURRENCY VALUES
	('EUR', '978', 'EUROS'),
	('USD', '840', 'US DOLLAR'),
	('GBP', '826', 'POUNDS');
    
INSERT INTO PAYMENTTYPE VALUES
	('MC', 'MasterCard'),
	('VS', 'Visa'),
	('DS', 'Discover'),
	('AM', 'American Express'),
	('DC', 'Diners Club'),
	('BK', 'Other Bank Card');
    
INSERT INTO PAYMENT VALUES
	('9234561236', 'EUR', '12.60', '12.60', '12.60', '2022-11-21 10:04:55.21'),
	('8474833939', 'EUR', '15.25', '15.25', '15.25', '2022-11-21 10:35:33.82'),
	('3948474848', 'EUR', '3.57', '3.57', '3.57', '2022-11-21 11:10:01.72'),
	('4983273833', 'EUR', '31.02', '31.02', '31.02', '2022-11-21 11:59:51.21'),
	('3938744848', 'EUR', '2.41', '2.41', '2.41', '2022-11-21 12:47:34.69'),
	('9448389933', 'EUR', '14.28', '14.28', '14.28', '2022-11-21 13:13:24.92'),
	('7847848992', 'EUR', '6.78', '6.78', '6.78', '2022-11-21 14:47:34.69'),
	('8448994494', 'EUR', '8.41', '8.41', '8.41', '2022-11-22 10:29:45.72'),
	('4788493993', 'EUR', '11.00', '11.00', '11.00', '2022-11-22 11:03:32.98'),
	('3989448393', 'EUR', '6.58', '6.58', '6.58', '2022-11-22 11:48:22.51'),
	('9383784388', 'EUR', '7.14', '7.50', '7.50', '2022-11-22 12:06:36.88'),
	('3838920923', 'EUR', '4.82', '4.82', '4.82', '2022-11-22 12:37:47.83'),
	('9200394480', 'EUR', '16.64', '16.64', '16.64', '2022-11-22 13:20:33.12'),
	('3903039330', 'EUR', '14.22', '14.22', '14.22', '2022-11-22 13:29:21.65'),
	('3838399393', 'EUR', '7.14', '7.14', '7.14', '2022-11-22 13:52:19.87'),
	('5950059500', 'EUR', '17.18', '17.18', '17.18', '2022-11-22 14:10:41.51'),
	('1012093022', 'EUR', '20.33', '20.33', '20.33', '2022-11-22 14:52:48.72'),
	('3003000932', 'EUR', '12.81', '12.81', '12.81', '2022-11-22 17:22:32.12'),
	('4940404049', 'EUR', '8.89', '8.89', '8.89', '2022-11-22 18:00:10.77'),
	('2000303993', 'EUR', '5.08', '5.08', '5.08', '2022-11-23 10:16:39.71'),
	('7447849494', 'EUR', '14.46', '14.46', '14.46', '2022-11-23 10:35:12.98'),
	('4884849854', 'EUR', '8.41', '8.41', '8.41', '2022-11-23 11:16:35.22'),
	('4774858589', 'EUR', '18.57', '18.57', '18.57', '2022-11-23 11:59:34.51'),
	('5488994848', 'EUR', '5.98', '5.98', '5.98', '2022-11-23 12:28:00.49'),
	('5985489845', 'EUR', '6.29', '6.29', '6.29', '2022-11-23 12:47:41.34'),
	('5404509404', 'EUR', '23.93', '23.39', '23.39', '2022-11-23 13:16:52.03'),
	('1023943494', 'EUR', '15.35', '15.35', '15.35', '2022-11-23 13:35:28.55'),
	('5489894985', 'EUR', '14.58', '14.58', '14.58', '2022-11-23 14:02:49.89'),
	('1030099900', 'EUR', '11.07', '11.07', '11.07', '2022-11-23 14:36:26.19'),
	('1349353543', 'EUR', '17.85', '17.85', '17.85', '2022-11-23 17:16:42.60');

INSERT INTO MENUITEM VALUES
	('1763906', 'BigMac', '4.85', 'Burger'),
	('1864563', 'CBO', '6.15', 'Burger'),
	('1095384', 'Grand McExtreme', '7.75', 'Burger'),
	('1627639', 'Cheeseburger', '1.75', 'Burger'),
	('1630964', 'Cuarto de Libra ', '4.95', 'Burger'),
	('2075674', 'McNuggets x9', '4.95', 'Chicken'),
	('4609386', 'French Fries', '2.95', 'Fries '),
	('5890387', 'McFlurry', '3.35', 'Desserts'),
	('6107538', 'Water', '1.99', 'Beverages');
    
INSERT INTO TICKET VALUES
	('76909876', '2022-11-21 10:05:55.21', '10.05', '2.11', '12.16', '9234561236', '00000000005', '91827332812', 'EUR', 'MAD001', '0'),
	('48765620', '2022-11-21 10:36:33.82', '12.60', '2.65', '15.25', '8474833939', '00000000011', '29382736489', 'EUR', 'BCN002', '1'),
	('87258954', '2022-11-21 11:11:01.72', '2.95', '0.62', '3.57', '3948474848', '00000000017', '23928737644', 'EUR', 'MAD001', '1'),
	('28612209', '2022-11-21 12:00:51.21', '25.64', '5.38', '31.02', '4983273833', '00000000017', '32484750937', 'EUR', 'BCN002', '2'),
	('28726249', '2022-11-21 12:48:34.69', '1.99', '0.42', '2.41', '3938744848', '00000000005', '39887729887', 'EUR', 'MAD001', '0'),
	('76529542', '2022-11-21 13:14:24.92', '11.80', '2.48', '14.28', '9448389933', '00000000011', '98763629098', 'EUR', 'BCN002', '0'),
	('56375189', '2022-11-21 14:48:34.69', '5.60', '1.18', '6.78', '7847848992', '00000000017', '23182371876', 'EUR', 'BCN002', '2'),
	('65820880', '2022-11-22 10:30:45.72', '6.95', '1.46', '8.41', '8448994494', '00000000005', '90887266387', 'EUR', 'MAD001', '1'),
	('65379411', '2022-11-22 11:04:32.98', '9.09', '1.91', '11.00', '4788493993', '00000000011', '23131878328', 'EUR', 'BCN002', '0'),
	('56783901', '2022-11-22 11:49:22.51', '5.44', '1.14', '6.58', '3989448393', '00000000005', '91827332812', 'EUR', 'MAD001', '1'),
	('17653891', '2022-11-22 12:07:36.88', '5.90', '1.24', '7.14', '9383784388', '00000000011', '129382712', 'EUR', 'BCN002', '1'),
	('37654789', '2022-11-22 12:38:47.83', '3.98', '0.84', '4.82', '3838920923', '00000000005', '76652182231', 'EUR', 'MAD001', '0'),
	('78345888', '2022-11-22 13:21:33.12', '13.75', '2.89', '16.64', '9200394480', '00000000017', '39887729888', 'EUR', 'BCN002', '2'),
	('26784539', '2022-11-22 13:30:21.65', '11.75', '2.47', '14.22', '3903039330', '00000000011', '91827332813', 'EUR', 'BCN002', '0'),
	('17785098', '2022-11-22 13:53:19.87', '5.90', '1.24', '7.14', '3838399393', '00000000005', '129382720', 'EUR', 'MAD001', '0'),
	('47303321', '2022-11-22 14:11:41.51', '14.20', '2.98', '17.18', '5950059500', '00000000017', '23928737644', 'EUR', 'MAD001', '0'),
	('67449069', '2022-11-22 14:53:48.72', '16.80', '3.53', '20.33', '1012093022', '00000000005', '39887729890', 'EUR', 'MAD001', '0'),
	('19009345', '2022-11-22 17:23:32.12', '10.59', '2.22', '12.81', '3003000932', '00000000017', '39887729890', 'EUR', 'MAD001', '2'),
	('34893861', '2022-11-22 18:01:10.77', '7.35', '1.54', '8.89', '4940404049', '00000000011', '34284817280', 'EUR', 'BCN002', '0'),
	('10922902', '2022-11-23 10:17:39.71', '4.20', '0.88', '5.08', '2000303993', '00000000017', '1292342720', 'EUR', 'BCN002', '1'),
	('54680982', '2022-11-23 10:36:12.98', '11.95', '2.51', '14.46', '7447849494', '00000000005', '56778482723', 'EUR', 'MAD001', '0'),
	('13688390', '2022-11-23 11:17:35.22', '6.95', '1.46', '8.41', '4884849854', '00000000011', '39235675890', 'EUR', 'BCN002', '2'),
	('20098854', '2022-11-23 12:00:34.51', '15.35', '3.22', '18.57', '4774858589', '00000000017', '7912054264', 'EUR', 'BCN002', '2'),
	('63804834', '2022-11-23 12:29:00.49', '4.94', '1.04', '5.98', '5488994848', '00000000011', '23928737644', 'EUR', 'BCN002', '0'),
	('97362830', '2022-11-23 12:48:41.34', '5.20', '1.09', '6.29', '5985489845', '00000000005', '23928737644', 'EUR', 'MAD001', '1'),
	('36700982', '2022-11-23 13:17:52.03', '19.78', '4.15', '23.93', '5404509404', '00000000017', '39887729888', 'EUR', 'MAD001', '0'),
	('10902999', '2022-11-23 13:36:28.55', '12.69', '2.66', '15.35', '1023943494', '00000000011', '23131878328', 'EUR', 'BCN002', '0'),
	('53907423', '2022-11-23 14:03:49.89', '12.05', '2.53', '14.58', '5489894985', '00000000017', '39887729888', 'EUR', 'MAD001', '2'),
	('70923812', '2022-11-23 14:37:26.19', '9.15', '1.92', '11.07', '1030099900', '00000000005', '23182371876', 'EUR', 'MAD001', '1'),
	('45168720', '2022-11-23 17:17:42.60', '14.75', '3.10', '17.85', '1349353543', '00000000011', '23131878328', 'EUR', 'BCN002', '0');
    
    INSERT INTO SEGMENT VALUES
    (50000000, 'Food/Beverage');
    
	INSERT INTO FAMILY VALUES
	(50180000, 'Bread/Bakery',50000000),
	(50240000, 'Meat/Poultry', 50000000),
	(50100000, 'Fruits/Vegetables', 50000000),
	(50130000, 'Milk/Cheese',50000000),
	(50190000, 'Preserved Foods',50000000),
	(50200000, 'Beverages', 50000000);
    
    INSERT INTO CLASS VALUES
	(50181900, 'Bread', 50180000 ),
	(50240100, 'Meat/Poultry', 50240000 ),
	(50102100, 'Vegetables', 50100000 ),
	(50131800, 'Cheese/Cheese',50130000 ),
	(50192100, 'Snacks', 50190000),
	(50193500, 'Dairy/Egg Based', 50190000),
	(50202300, 'Ready to Drink',50200000);
    
    INSERT INTO CATEGORY VALUES
    (10000165, 'Bun', 50181900),
	(10005767, 'Beef Meat', 50240100),
	(10000270, 'Lettuce', 50102100 ),
	(10000030, 'Cheese', 50131800),
	(10005781, 'Ham', 50240100),
	(10005769, 'Chicken', 50240100),
	(10005783, 'Nuggets', 50240100),
	(20000032, 'Fries',50192100),
	(20000152, 'IceCream', 50193500),
	(10000232, 'Water bottle', 50202300);
    
    
	INSERT INTO ORDERDETAIL VALUES
    (76909876, 1, 1, 7.75, 1095384),
	(76909876, 2, 1, 4.85, 1864563),
	(76909876, 3, 1, 2.95, 4609386),
	(48765620, 4, 2, 4.85, 1864563),
	(48765620, 5, 2, 4.85, 1864563),
	(87258954, 6, 1, 4.85, 1763906),
	(28726249, 11, 1, 4.85, 1630964),
	(76529542, 12, 1, 4.85, 1763906),
	(76529542, 13, 1, 1.15, 5890387),
	(76529542, 14, 1, 7.75, 1095384),
	(76529542, 15, 1, 4.85, 1763906),
	(56375189, 16, 1, 1.15, 5890387),
	(56375189, 17, 1, 4.85, 1864563),
	(65820880, 18, 2, 4.85, 1864563),
	(65820880, 19, 1, 4.85, 1864563),
	(65820880, 20, 1, 4.85, 1864563),
	(65379411, 21, 1, 4.85, 1864563),
	(65379411, 22, 1, 4.85, 1627639),
	(65379411, 23, 1, 7.75, 1095384),
	(56783901, 24, 1, 1.15, 5890387),
	(56783901, 25, 1, 1.15, 5890387),
	(17653891, 26, 2, 4.85, 1763906),
	(37654789, 27, 2, 4.85, 1630964),
	(78345888, 28, 1, 1.15, 5890387),
	(78345888, 29, 1, 4.85, 1630964),
	(78345888, 30, 2, 4.85, 1630964),
	(78345888, 31, 1, 7.75, 1095384),
	(26784539, 32, 1, 4.85, 1630964),
	(26784539, 33, 1, 4.85, 1630964),
	(26784539, 34, 1, 4.85, 1864563),
	(47303321, 36, 2, 4.85, 1630964),
	(47303321, 37, 2, 4.85, 1630964),
	(67449069, 38, 3, 7.75, 1095384),
	(67449069, 39, 3, 4.95, 2075674),
	(19009345, 40, 1, 4.85, 1763906),
	(19009345, 41, 1, 4.85, 1630964),
	(19009345, 42, 1, 4.85, 1627639),
	(19009345, 43, 1, 4.85, 1864563),
	(19009345, 44, 1, 4.85, 1630964),
	(34893861, 45, 1, 4.85, 1864563),
    (34893861, 46, 1, 4.85, 1763906),
    (34893861, 47, 1, 4.85, 1763906),
    (53907423, 48, 1, 4.85, 1627639),
    (53907423, 49, 1, 4.85, 1864563),
    (54680982, 50, 2, 4.85, 1627639),
    (54680982, 51, 1, 4.85, 1627639),
    (20098854, 55, 1, 4.85, 1630964),
    (20098854, 56, 2, 7.75, 1095384),
    (20098854, 57, 2, 4.85, 1627639),
    (63804834, 58, 1, 4.85, 1627639),
    (63804834, 59, 1, 4.85, 1763906),
    (97362830, 60, 1, 7.75, 1095384),
    (97362830, 61, 1, 4.85, 1627639),
    (36700982, 62, 2, 2.95, 4609386),
    (36700982, 63, 1, 4.85, 1627639),
    (36700982, 64, 1, 4.85, 1763906),
    (36700982, 65, 2, 4.85, 1627639),
    (10902999, 66, 1, 7.75, 1095384),
    (10902999, 67, 1, 7.75, 1095384),
    (10902999, 68, 1, 4.85, 1763906),
    (13688390, 69, 2, 7.75, 1095384),
    (13688390, 70, 1, 4.85, 1763906),
    (13688390, 71, 1, 1.15, 5890387),
    (13688390, 72, 1, 4.85, 1763906),
    (70923812, 73, 2, 4.85, 1763906),
    (70923812, 74, 1, 7.75, 1095384),
    (45168720, 75, 5, 4.85, 1864563);
    
    INSERT INTO INGREDIENTS VALUES
	   (1763906, 1, 'Bun', 2, 10000165),
       (1763906, 2, 'Beef Meat', 1, 10005767),
       (1763906, 3, 'Lettuce', 1, 10000270),
       (1763906, 4, 'Cheese', 1, 10000030),
       (1763906, 5, 'Ham', 1, 10005781),
       (1864563, 1, 'Bun', 2, 10000165),
       (1864563, 2, 'Chicken', 1, 10005769),
       (1864563, 3, 'Lettuce', 1, 10000270),
       (1864563, 4, 'Cheese', 1, 10000030),
       (1864563, 5, 'Ham', 1, 10005781),
       (1095384, 1, 'Bun', 2, 10000165),
       (1095384, 2, 'Beef Meat', 1, 10005767),
       (1095384, 3, 'Lettuce', 1, 10000270),
       (1095384, 4, 'Cheese', 1, 10000030),
       (1095384, 5, 'Ham', 1, 10005781),
       (1627639, 1, 'Bun', 2, 10000165),
       (1627639, 2, 'Beef Meat', 1, 10005767),
       (1627639, 3, 'Lettuce', 1, 10000270),
       (1627639, 4, 'Cheese', 1, 10000030),
       (1627639, 5, 'Ham', 1, 10005781),
       (1630964, 1, 'Bun', 2, 10000165),
       (1630964, 2, 'Beef Meat', 1, 10005767),
       (1630964, 3, 'Lettuce', 1, 10000270),
       (1630964, 4, 'Cheese', 1, 10000030),
       (1630964, 5, 'Ham', 1, 10005781),
       (2075674, 1, 'Nuggets', 9, 10005783),
       (4609386, 1, 'Fries', 20, 20000032),
       (5890387, 1, 'IceCream', 1, 20000152),
       (6107538, 1, 'Water', 1, 10000232);

    INSERT INTO PAYMENTCARD  VALUES
	('9234561236', 'MC', '3746892938093', 'Bank of India', '2022-11-30', '0'),
	('8474833939', 'BK', '8399202039339', 'Punjab & Indian Bank', '2022-12-18', '1'),
	('3948474848', 'DS', '3299932932923', 'Banco Santander', '2022-11-25', '0'),
	('4983273833', 'AM', '8932993292333', 'Caixabank', '2022-12-31', '1'),
	('3938744848', 'DC', '2325658039905', 'Bank of India', '2022-11-30', '2'),
	('9448389933', 'AM', '1203294003943', 'Sabadell', '2022-03-20', '2'),
	('7847848992', 'MC', '4239034040340', 'Abanca', '2022-12-31', '0'),
	('8448994494', 'VS', '1293902394944', 'Banco Santander', '2022-11-25', '0'),
	('4788493993', 'BK', '3445002392394', 'Punjab & Indian Bank', '2022-11-25', '1'),
	('3989448393', 'AM', '4230020439430', 'Sabadell', '2022-11-25', '2'),
	('9383784388', 'DC', '3403403490334', 'Banco Santander', '2022-12-01', '2'),
	('3838920923', 'AM', '5945004954959', 'Caixabank', '2022-11-30', '2'),
	('9200394480', 'MC', '3405405005494', 'Abanca', '2022-11-30', '0'),
	('3903039330', 'VS', '4594585494594', 'Sabadell', '2022-12-18', '1'),
	('3838399393', 'DS', '9696599560505', 'Abanca', '2022-11-25', '0'),
	('5950059500', 'AM', '3292304330430', 'Bank of India', '2022-12-31', '1'),
	('1012093022', 'DC', '4259549404004', 'Caixabank', '2022-11-30', '2'),
	('3003000932', 'BK', '4599679212311', 'Punjab & Indian Bank', '2022-03-20', '0'),
	('4940404049', 'MC', '1232945954954', 'Banco Santander', '2022-12-31', '1'),
	('2000303993', 'VS', '1239459030400', 'Banco Santander', '2022-11-25', '2'),
	('7447849494', 'BK', '3482393204003', 'Punjab & Indian Bank', '2022-11-25', '1'),
	('4884849854', 'AM', '9459903394343', 'Sabadell', '2022-11-25', '2'),
	('4774858589', 'DC', '2984382193822', 'Caixabank', '2022-12-01', '0'),
	('5488994848', 'BK', '3252901549031', 'Bank of India', '2022-11-30', '1'),
	('5985489845', 'BK', '9762439677922', 'Punjab & Indian Bank', '2022-11-30', '2'),
	('5404509404', 'VS', '1085438054380', 'Bank of India', '2022-12-18', '0'),
	('1023943494', 'DS', '1854985024441', 'Caixabank', '2022-11-25', '1'),
	('5489894985', 'AM', '7480274537413', 'Bank of India', '2022-12-31', '2'),
	('1030099900', 'BK', '2437582543052', 'Punjab & Indian Bank', '2022-11-30', '0'),
	('1349353543', 'AM', '1875435398455', 'Sabadell', '2022-03-20', '2');
